<application>
  <component name="LafManager">
    <laf themeId="64bac2a8-9558-4b8a-a0e0-a4017ec9114b" />
    <lafs-to-previous-schemes>
      <laf-to-scheme laf="4b6007f7-b596-4ee2-96f9-968d3d3eb392" scheme="_@user_Default" />
      <laf-to-scheme laf="Dracula" scheme="_@user_Dracula" />
      <laf-to-scheme laf="High contrast" scheme="_@user_High contrast" />
      <laf-to-scheme laf="One Dark Vivid" scheme="_@user_Default" />
      <laf-to-scheme laf="com.github.catppuccin.mocha.jetbrains" scheme="_@user_Default" />
    </lafs-to-previous-schemes>
  </component>
</application>