<application>
  <component name="SettingsSyncSettings">
    <option name="disabledSubcategories">
      <map>
        <entry key="PLUGINS">
          <value>
            <list>
              <option value="IdeaVIM" />
              <option value="com.jetbrains.darkPurpleTheme" />
              <option value="com.mallowigi.idea" />
              <option value="com.vermouthx.idea" />
              <option value="indent-rainbow.indent-rainbow" />
              <option value="org.01pawn.rainbow-variable" />
            </list>
          </value>
        </entry>
      </map>
    </option>
    <option name="migrationFromOldStorageChecked" value="true" />
    <option name="syncEnabled" value="true" />
  </component>
</application>