<keymap version="1" name="XWin 副本" parent="Default for XWin">
  <action id="BraceOrQuoteOut" />
  <action id="EditorChooseLookupItemReplace" />
  <action id="EditorDown">
    <keyboard-shortcut first-keystroke="down" />
    <keyboard-shortcut first-keystroke="tab" />
  </action>
  <action id="EditorIndentSelection" />
  <action id="EditorTab" />
  <action id="EditorUnindentSelection" />
  <action id="EditorUp">
    <keyboard-shortcut first-keystroke="up" />
    <keyboard-shortcut first-keystroke="shift tab" />
  </action>
  <action id="ExpandLiveTemplateByTab" />
  <action id="NextParameter" />
  <action id="NextTemplateVariable">
    <keyboard-shortcut first-keystroke="enter" />
  </action>
  <action id="PrevParameter" />
  <action id="PreviousTemplateVariable" />
  <action id="SearchEverywhere.CompleteCommand" />
  <action id="SearchEverywhere.NextTab" />
  <action id="SearchEverywhere.PrevTab" />
  <action id="SplitChooser.NextWindow" />
  <action id="SplitChooser.PreviousWindow" />
</keymap>