<keymap version="1" name="XWin Proper insert inline proposal" parent="Default for XWin">
  <action id="BraceOrQuoteOut" />
  <action id="CodeFloatingToolbar.GotoNextMenu" />
  <action id="CodeFloatingToolbar.GotoPrevMenu" />
  <action id="CollapseExpandableComponent">
    <keyboard-shortcut first-keystroke="ctrl subtract" />
    <keyboard-shortcut first-keystroke="ctrl minus" />
  </action>
  <action id="EditorChooseLookupItemReplace" />
  <action id="EditorDown">
    <keyboard-shortcut first-keystroke="down" />
    <keyboard-shortcut first-keystroke="tab" />
  </action>
  <action id="EditorIndentSelection" />
  <action id="EditorStartNewLine" />
  <action id="EditorTab" />
  <action id="EditorUnindentSelection" />
  <action id="EditorUp">
    <keyboard-shortcut first-keystroke="up" />
    <keyboard-shortcut first-keystroke="shift tab" />
  </action>
  <action id="ExpandExpandableComponent">
    <keyboard-shortcut first-keystroke="ctrl add" />
    <keyboard-shortcut first-keystroke="ctrl equals" />
  </action>
  <action id="ExpandLiveTemplateByTab" />
  <action id="InsertInlineCompletionAction">
    <keyboard-shortcut first-keystroke="shift enter" />
  </action>
  <action id="NextParameter" />
  <action id="NextTemplateVariable">
    <keyboard-shortcut first-keystroke="enter" />
  </action>
  <action id="OpenInRightSplit">
    <mouse-shortcut keystroke="alt button1 doubleClick" />
  </action>
  <action id="PrevParameter" />
  <action id="PreviousTemplateVariable" />
  <action id="SearchEverywhere.CompleteCommand" />
  <action id="SearchEverywhere.NextTab" />
  <action id="SearchEverywhere.PrevTab" />
  <action id="SplitChooser.NextWindow" />
  <action id="SplitChooser.PreviousWindow" />
  <action id="Terminal.CommandCompletion" />
  <action id="UpdateRunningApplication" />
  <action id="android.deploy.ApplyChanges">
    <keyboard-shortcut first-keystroke="ctrl f10" />
  </action>
  <action id="android.deploy.CodeSwap">
    <keyboard-shortcut first-keystroke="ctrl alt f10" />
  </action>
</keymap>