<application>
  <component name="ProjectManager">
    <defaultProject>
      <component name="PropertiesComponent"><![CDATA[{
  "keyToString": {
    "settings.editor.selected.configurable": "com.google.gct.login2.settings.GoogleLoginApplicationSettingsConfigurableProvider"
  }
}]]></component>
      <component name="WindowStateProjectService">
        <state x="464" y="179" key="SettingsEditor" timestamp="1716965921188">
          <screen x="0" y="0" width="1920" height="1080" />
        </state>
        <state x="464" y="179" key="SettingsEditor/0.0.1920.1080" timestamp="1716965921188" />
      </component>
    </defaultProject>
  </component>
</application>