<application>
  <component name="StudioBotSettings">
    <option name="contextSharingMode" value="ALWAYS_SHARE" />
    <option name="onboardedVersion" value="3" />
    <option name="queryHistory">
      <list>
        <historyEntry timestamp="1718177327231">what the use of minWidth</historyEntry>
        <historyEntry timestamp="1718177277031">val constraints = if (minWidth &lt; 600.dp) {     portraitConstraints( margin = 16.dp) } else {     landscapeConstraints( margin = 16.dp) }没有生效</historyEntry>
        <historyEntry timestamp="1718177236374">Explain the following code: 
val constraints = if (minWidth &lt; 600.dp) {
    portraitConstraints(margin = 16.dp)
} else {
    landscapeConstraints(margin = 16.dp)
}</historyEntry>
        <historyEntry timestamp="1716967954277">我的代码运行效果是怎样的？</historyEntry>
        <historyEntry timestamp="1716967786393">hello</historyEntry>
      </list>
    </option>
  </component>
</application>